[
  {
    "AnnuAmou": "0",
    "AnnuMode": "",
    "AnnuOpti": "",
    "AnnuOptiDesc": "",
    "AnnuPrem": "13347",
    "BasiPrem": "13347",
    "BranNumb": "724",
    "CommDate": "28-Oct-2005",
    "CommPerc": "0",
    "DOB": "22-Sep-1953",
    "DebiDay": "0",
    "FULIDate": "01-Jan-0001",
    "FUPDate": "28-Oct-2021",
    "FundId": 0,
    "GST": "0",
    "Gender": "F",
    "InstPrem": "13347",
    "IsDead": false,
    "IsHandicap": false,
    "IsSmoker": false,
    "LoanBala": 0,
    "LoanDate": "01-Jan-0001",
    "Lumpsum": "0",
    "MatuDate": "28-Oct-2026",
    "MatuSett": "0",
    "MembID": "171",
    "MembInde": "2",
    "NACHBankAcco": "",
    "NACHBankName": "",
    "NCO": "0",
    "NEFTBankAcco": "",
    "NEFTBankName": "",
    "Nominee": "",
    "Others": "0",
    "OwnAgen": "-1",
    "PPT": "21",
    "PaymMode": "Y",
    "Plan": "149",
    "PlanName": "Jeevan Anand",
    "PoliNumb": "717714094",
    "PoliStat": "I",
    "PremEndDate": "28-Oct-2026",
    "PropMembID": "0",
    "PropMembInde": "",
    "PropName": "",
    "Remarks": "",
    "Rider": [
      {
        "PoliNumb": "717714094",
        "RideBasicPremium": "0",
        "RideCode": "3",
        "RidePPT": "0",
        "RideSum": "200000",
        "RideTerm": "0"
      }
    ],
    "ShorName": "P.LATADEVI",
    "Sum": "200000",
    "TaxBene": "",
    "Term": "21"
  },
  {
    "AnnuAmou": "0",
    "AnnuMode": "",
    "AnnuOpti": "",
    "AnnuOptiDesc": "",
    "AnnuPrem": "8844",
    "BasiPrem": "8634",
    "BranNumb": "724",
    "CommDate": "28-Oct-2020",
    "CommPerc": "0",
    "DOB": "15-Mar-1977",
    "DebiDay": "0",
    "FULIDate": "01-Jan-0001",
    "FUPDate": "28-Oct-2021",
    "FundId": 0,
    "GST": "398",
    "Gender": "M",
    "InstPrem": "8844",
    "IsDead": false,
    "IsHandicap": false,
    "IsSmoker": false,
    "LoanBala": 0,
    "LoanDate": "01-Jan-0001",
    "Lumpsum": "0",
    "MatuDate": "28-Oct-2076",
    "MatuSett": "0",
    "MembID": "800",
    "MembInde": "1",
    "NACHBankAcco": "",
    "NACHBankName": "",
    "NCO": "0",
    "NEFTBankAcco": "",
    "NEFTBankName": "",
    "Nominee": "Alpa J.surana",
    "Others": "",
    "OwnAgen": "-1",
    "PPT": "25",
    "PaymMode": "Y",
    "Plan": "945",
    "PlanName": "Jeevan Umang",
    "PoliNumb": "319942192",
    "PoliStat": "I",
    "PremEndDate": "28-Oct-2045",
    "PropMembID": "0",
    "PropMembInde": "",
    "PropName": "",
    "Remarks": "",
    "Rider": [
      {
        "PoliNumb": "319942192",
        "RideBasicPremium": "210",
        "RideCode": "3",
        "RidePPT": "0",
        "RideSum": "200000",
        "RideTerm": "0"
      }
    ],
    "ShorName": "JAYESH P.SURANA",
    "Sum": "200000",
    "TaxBene": "",
    "Term": "56"
  },
  {
    "AnnuAmou": "0",
    "AnnuMode": "",
    "AnnuOpti": "",
    "AnnuOptiDesc": "",
    "AnnuPrem": "11138",
    "BasiPrem": "10898",
    "BranNumb": "724",
    "CommDate": "28-Jul-2020",
    "CommPerc": "0",
    "DOB": "15-Mar-1977",
    "DebiDay": "0",
    "FULIDate": "01-Jan-0001",
    "FUPDate": "28-Jul-2021",
    "FundId": 0,
    "GST": "501",
    "Gender": "M",
    "InstPrem": "11138",
    "IsDead": false,
    "IsHandicap": false,
    "IsSmoker": false,
    "LoanBala": 0,
    "LoanDate": "01-Jan-0001",
    "Lumpsum": "0",
    "MatuDate": "28-Jul-2077",
    "MatuSett": "0",
    "MembID": "800",
    "MembInde": "1",
    "NACHBankAcco": "",
    "NACHBankName": "",
    "NCO": "0",
    "NEFTBankAcco": "",
    "NEFTBankName": "",
    "Nominee": "Alpa J.surana",
    "Others": "",
    "OwnAgen": "-1",
    "PPT": "20",
    "PaymMode": "Y",
    "Plan": "945",
    "PlanName": "Jeevan Umang",
    "PoliNumb": "319942193",
    "PoliStat": "I",
    "PremEndDate": "28-Jul-2040",
    "PropMembID": "0",
    "PropMembInde": "",
    "PropName": "",
    "Remarks": "",
    "Rider": [
      {
        "PoliNumb": "319942193",
        "RideBasicPremium": "240",
        "RideCode": "3",
        "RidePPT": "0",
        "RideSum": "200000",
        "RideTerm": "0"
      }
    ],
    "ShorName": "JAYESH P.SURANA",
    "Sum": "200000",
    "TaxBene": "",
    "Term": "57"
  },
  {
    "AnnuAmou": "0",
    "AnnuMode": "",
    "AnnuOpti": "",
    "AnnuOptiDesc": "",
    "AnnuPrem": "16019",
    "BasiPrem": "15739",
    "BranNumb": "724",
    "CommDate": "28-May-2020",
    "CommPerc": "0",
    "DOB": "15-Mar-1977",
    "DebiDay": "0",
    "FULIDate": "01-Jan-0001",
    "FUPDate": "28-May-2022",
    "FundId": 0,
    "GST": "721",
    "Gender": "M",
    "InstPrem": "16019",
    "IsDead": false,
    "IsHandicap": false,
    "IsSmoker": false,
    "LoanBala": 0,
    "LoanDate": "01-Jan-0001",
    "Lumpsum": "0",
    "MatuDate": "28-May-2077",
    "MatuSett": "0",
    "MembID": "800",
    "MembInde": "1",
    "NACHBankAcco": "",
    "NACHBankName": "",
    "NCO": "0",
    "NEFTBankAcco": "",
    "NEFTBankName": "",
    "Nominee": "Alpa J.surana",
    "Others": "",
    "OwnAgen": "-1",
    "PPT": "15",
    "PaymMode": "Y",
    "Plan": "945",
    "PlanName": "Jeevan Umang",
    "PoliNumb": "319942194",
    "PoliStat": "I",
    "PremEndDate": "28-May-2035",
    "PropMembID": "0",
    "PropMembInde": "",
    "PropName": "",
    "Remarks": "",
    "Rider": [
      {
        "PoliNumb": "319942194",
        "RideBasicPremium": "280",
        "RideCode": "3",
        "RidePPT": "0",
        "RideSum": "200000",
        "RideTerm": "0"
      }
    ],
    "ShorName": "JAYESH P.SURANA",
    "Sum": "200000",
    "TaxBene": "",
    "Term": "57"
  },
  {
    "AnnuAmou": "0",
    "AnnuMode": "",
    "AnnuOpti": "",
    "AnnuOptiDesc": "",
    "AnnuPrem": "5214",
    "BasiPrem": "5214",
    "BranNumb": "724",
    "CommDate": "28-Jul-2003",
    "CommPerc": "0",
    "DOB": "15-Mar-1977",
    "DebiDay": "0",
    "FULIDate": "01-Jan-0001",
    "FUPDate": "28-Jul-2021",
    "FundId": 0,
    "GST": "0",
    "Gender": "M",
    "InstPrem": "5214",
    "IsDead": false,
    "IsHandicap": false,
    "IsSmoker": false,
    "LoanBala": 0,
    "LoanDate": "01-Jan-0001",
    "Lumpsum": "0",
    "MatuDate": "28-Jul-2024",
    "MatuSett": "0",
    "MembID": "800",
    "MembInde": "1",
    "NACHBankAcco": "",
    "NACHBankName": "",
    "NCO": "0",
    "NEFTBankAcco": "",
    "NEFTBankName": "",
    "Nominee": "",
    "Others": "0",
    "OwnAgen": "-1",
    "PPT": "21",
    "PaymMode": "Y",
    "Plan": "149",
    "PlanName": "Jeevan Anand",
    "PoliNumb": "686845933",
    "PoliStat": "I",
    "PremEndDate": "28-Jul-2024",
    "PropMembID": "0",
    "PropMembInde": "",
    "PropName": "",
    "Remarks": "",
    "Rider": [
      {
        "PoliNumb": "686845933",
        "RideBasicPremium": "0",
        "RideCode": "3",
        "RidePPT": "0",
        "RideSum": "100000",
        "RideTerm": "0"
      }
    ],
    "ShorName": "JAYESH P.SURANA",
    "Sum": "100000",
    "TaxBene": "",
    "Term": "21"
  },
  {
    "AnnuAmou": "0",
    "AnnuMode": "",
    "AnnuOpti": "",
    "AnnuOptiDesc": "",
    "AnnuPrem": "37449",
    "BasiPrem": "36549",
    "BranNumb": "724",
    "CommDate": "28-Jan-2015",
    "CommPerc": "0",
    "DOB": "15-Mar-1977",
    "DebiDay": "0",
    "FULIDate": "01-Jan-0001",
    "FUPDate": "28-Jan-2022",
    "FundId": 0,
    "GST": "1157",
    "Gender": "M",
    "InstPrem": "37449",
    "IsDead": false,
    "IsHandicap": false,
    "IsSmoker": false,
    "LoanBala": 0,
    "LoanDate": "01-Jan-0001",
    "Lumpsum": "0",
    "MatuDate": "28-Jan-2036",
    "MatuSett": "0",
    "MembID": "800",
    "MembInde": "1",
    "NACHBankAcco": "",
    "NACHBankName": "",
    "NCO": "0",
    "NEFTBankAcco": "",
    "NEFTBankName": "",
    "Nominee": "Alpa J.surana",
    "Others": "",
    "OwnAgen": "-1",
    "PPT": "9",
    "PaymMode": "Y",
    "Plan": "830",
    "PlanName": "Limited Premium Endowment",
    "PoliNumb": "708387833",
    "PoliStat": "I",
    "PremEndDate": "28-Jan-2024",
    "PropMembID": "0",
    "PropMembInde": "",
    "PropName": "",
    "Remarks": "",
    "Rider": [
      {
        "PoliNumb": "708387833",
        "RideBasicPremium": "900",
        "RideCode": "3",
        "RidePPT": "0",
        "RideSum": "500000",
        "RideTerm": "0"
      }
    ],
    "ShorName": "JAYESH P.SURANA",
    "Sum": "500000",
    "TaxBene": "",
    "Term": "21"
  },
  {
    "AnnuAmou": "0",
    "AnnuMode": "",
    "AnnuOpti": "",
    "AnnuOptiDesc": "",
    "AnnuPrem": "4030",
    "BasiPrem": "1965",
    "BranNumb": "729",
    "CommDate": "28-Jun-2008",
    "CommPerc": "0",
    "DOB": "15-Mar-1977",
    "DebiDay": "0",
    "FULIDate": "01-Jan-0001",
    "FUPDate": "28-Jun-2021",
    "FundId": 0,
    "GST": "0",
    "Gender": "M",
    "InstPrem": "2015",
    "IsDead": false,
    "IsHandicap": false,
    "IsSmoker": false,
    "LoanBala": 0,
    "LoanDate": "01-Jan-0001",
    "Lumpsum": "0",
    "MatuDate": "28-Jun-2028",
    "MatuSett": "0",
    "MembID": "800",
    "MembInde": "1",
    "NACHBankAcco": "",
    "NACHBankName": "",
    "NCO": "0",
    "NEFTBankAcco": "",
    "NEFTBankName": "",
    "Nominee": "Alpa J.surana",
    "Others": "",
    "OwnAgen": "-1",
    "PPT": "20",
    "PaymMode": "H",
    "Plan": "179",
    "PlanName": "New Bima Gold",
    "PoliNumb": "714795711",
    "PoliStat": "I",
    "PremEndDate": "28-Jun-2028",
    "PropMembID": "0",
    "PropMembInde": "",
    "PropName": "",
    "Remarks": "",
    "Rider": [
      {
        "PoliNumb": "714795711",
        "RideBasicPremium": "50",
        "RideCode": "3",
        "RidePPT": "0",
        "RideSum": "100000",
        "RideTerm": "0"
      }
    ],
    "ShorName": "JAYESH P.SURANA",
    "Sum": "100000",
    "TaxBene": "",
    "Term": "20"
  },
  {
    "AnnuAmou": "0",
    "AnnuMode": "",
    "AnnuOpti": "",
    "AnnuOptiDesc": "",
    "AnnuPrem": "834",
    "BasiPrem": "834",
    "BranNumb": "724",
    "CommDate": "20-Aug-1996",
    "CommPerc": "0",
    "DOB": "15-Mar-1977",
    "DebiDay": "0",
    "FULIDate": "01-Jan-0001",
    "FUPDate": "20-Aug-2021",
    "FundId": 0,
    "GST": "0",
    "Gender": "M",
    "InstPrem": "834",
    "IsDead": false,
    "IsHandicap": false,
    "IsSmoker": false,
    "LoanBala": 0,
    "LoanDate": "01-Jan-0001",
    "Lumpsum": "0",
    "MatuDate": "20-Aug-2026",
    "MatuSett": "0",
    "MembID": "800",
    "MembInde": "1",
    "NACHBankAcco": "",
    "NACHBankName": "",
    "NCO": "0",
    "NEFTBankAcco": "",
    "NEFTBankName": "",
    "Nominee": "Alpa J.surana",
    "Others": "",
    "OwnAgen": "-1",
    "PPT": "30",
    "PaymMode": "Y",
    "Plan": "111",
    "PlanName": "Bima Kiran",
    "PoliNumb": "715723452",
    "PoliStat": "I",
    "PremEndDate": "20-Aug-2026",
    "PropMembID": "0",
    "PropMembInde": "",
    "PropName": "",
    "Remarks": "",
    "Rider": [
      {
        "PoliNumb": "715723452",
        "RideBasicPremium": "0",
        "RideCode": "3",
        "RidePPT": "0",
        "RideSum": "100000",
        "RideTerm": "0"
      }
    ],
    "ShorName": "JAYESH P.SURANA",
    "Sum": "100000",
    "TaxBene": "",
    "Term": "30"
  },
  {
    "AnnuAmou": "0",
    "AnnuMode": "",
    "AnnuOpti": "",
    "AnnuOptiDesc": "",
    "AnnuPrem": "834",
    "BasiPrem": "834",
    "BranNumb": "724",
    "CommDate": "20-Aug-1996",
    "CommPerc": "0",
    "DOB": "15-Mar-1977",
    "DebiDay": "0",
    "FULIDate": "01-Jan-0001",
    "FUPDate": "20-Aug-2021",
    "FundId": 0,
    "GST": "0",
    "Gender": "M",
    "InstPrem": "834",
    "IsDead": false,
    "IsHandicap": false,
    "IsSmoker": false,
    "LoanBala": 0,
    "LoanDate": "01-Jan-0001",
    "Lumpsum": "0",
    "MatuDate": "20-Aug-2026",
    "MatuSett": "0",
    "MembID": "800",
    "MembInde": "1",
    "NACHBankAcco": "",
    "NACHBankName": "",
    "NCO": "0",
    "NEFTBankAcco": "",
    "NEFTBankName": "",
    "Nominee": "Alpa J.surana",
    "Others": "",
    "OwnAgen": "-1",
    "PPT": "30",
    "PaymMode": "Y",
    "Plan": "111",
    "PlanName": "Bima Kiran",
    "PoliNumb": "715723453",
    "PoliStat": "I",
    "PremEndDate": "20-Aug-2026",
    "PropMembID": "0",
    "PropMembInde": "",
    "PropName": "",
    "Remarks": "",
    "Rider": [
      {
        "PoliNumb": "715723453",
        "RideBasicPremium": "0",
        "RideCode": "3",
        "RidePPT": "0",
        "RideSum": "100000",
        "RideTerm": "0"
      }
    ],
    "ShorName": "JAYESH P.SURANA",
    "Sum": "100000",
    "TaxBene": "",
    "Term": "30"
  },
  {
    "AnnuAmou": "0",
    "AnnuMode": "",
    "AnnuOpti": "",
    "AnnuOptiDesc": "",
    "AnnuPrem": "834",
    "BasiPrem": "834",
    "BranNumb": "724",
    "CommDate": "20-Aug-1996",
    "CommPerc": "0",
    "DOB": "15-Mar-1977",
    "DebiDay": "0",
    "FULIDate": "01-Jan-0001",
    "FUPDate": "20-Aug-2021",
    "FundId": 0,
    "GST": "0",
    "Gender": "M",
    "InstPrem": "834",
    "IsDead": false,
    "IsHandicap": false,
    "IsSmoker": false,
    "LoanBala": 0,
    "LoanDate": "01-Jan-0001",
    "Lumpsum": "0",
    "MatuDate": "20-Aug-2026",
    "MatuSett": "0",
    "MembID": "800",
    "MembInde": "1",
    "NACHBankAcco": "",
    "NACHBankName": "",
    "NCO": "0",
    "NEFTBankAcco": "",
    "NEFTBankName": "",
    "Nominee": "Alpa J.surana",
    "Others": "",
    "OwnAgen": "-1",
    "PPT": "30",
    "PaymMode": "Y",
    "Plan": "111",
    "PlanName": "Bima Kiran",
    "PoliNumb": "715723454",
    "PoliStat": "I",
    "PremEndDate": "20-Aug-2026",
    "PropMembID": "0",
    "PropMembInde": "",
    "PropName": "",
    "Remarks": "",
    "Rider": [
      {
        "PoliNumb": "715723454",
        "RideBasicPremium": "0",
        "RideCode": "3",
        "RidePPT": "0",
        "RideSum": "100000",
        "RideTerm": "0"
      }
    ],
    "ShorName": "JAYESH P.SURANA",
    "Sum": "100000",
    "TaxBene": "",
    "Term": "30"
  },
  {
    "AnnuAmou": "0",
    "AnnuMode": "",
    "AnnuOpti": "",
    "AnnuOptiDesc": "",
    "AnnuPrem": "20655",
    "BasiPrem": "20655",
    "BranNumb": "723",
    "CommDate": "28-Mar-2003",
    "CommPerc": "0",
    "DOB": "15-Mar-1977",
    "DebiDay": "0",
    "FULIDate": "01-Jan-0001",
    "FUPDate": "28-Mar-2022",
    "FundId": 0,
    "GST": "0",
    "Gender": "M",
    "InstPrem": "20655",
    "IsDead": false,
    "IsHandicap": false,
    "IsSmoker": false,
    "LoanBala": 0,
    "LoanDate": "01-Jan-0001",
    "Lumpsum": "0",
    "MatuDate": "28-Mar-2028",
    "MatuSett": "0",
    "MembID": "800",
    "MembInde": "1",
    "NACHBankAcco": "",
    "NACHBankName": "",
    "NCO": "0",
    "NEFTBankAcco": "",
    "NEFTBankName": "",
    "Nominee": "",
    "Others": "",
    "OwnAgen": "-1",
    "PPT": "20",
    "PaymMode": "Y",
    "Plan": "48",
    "PlanName": "Ltd. Payment Endowment",
    "PoliNumb": "717089736",
    "PoliStat": "I",
    "PremEndDate": "28-Mar-2023",
    "PropMembID": "0",
    "PropMembInde": "",
    "PropName": "",
    "Remarks": "",
    "Rider": [],
    "ShorName": "JAYESH P.SURANA",
    "Sum": "500000",
    "TaxBene": "",
    "Term": "25"
  },
  {
    "AnnuAmou": "0",
    "AnnuMode": "",
    "AnnuOpti": "",
    "AnnuOptiDesc": "",
    "AnnuPrem": "2134",
    "BasiPrem": "2134",
    "BranNumb": "723",
    "CommDate": "28-Mar-2003",
    "CommPerc": "0",
    "DOB": "15-Mar-1977",
    "DebiDay": "0",
    "FULIDate": "01-Jan-0001",
    "FUPDate": "28-Mar-2022",
    "FundId": 0,
    "GST": "0",
    "Gender": "M",
    "InstPrem": "2134",
    "IsDead": false,
    "IsHandicap": false,
    "IsSmoker": false,
    "LoanBala": 0,
    "LoanDate": "01-Jan-0001",
    "Lumpsum": "0",
    "MatuDate": "28-Mar-2023",
    "MatuSett": "0",
    "MembID": "800",
    "MembInde": "1",
    "NACHBankAcco": "",
    "NACHBankName": "",
    "NCO": "0",
    "NEFTBankAcco": "",
    "NEFTBankName": "",
    "Nominee": "",
    "Others": "",
    "OwnAgen": "-1",
    "PPT": "20",
    "PaymMode": "Y",
    "Plan": "153",
    "PlanName": "Anmol Jeevan",
    "PoliNumb": "717089878",
    "PoliStat": "I",
    "PremEndDate": "28-Mar-2023",
    "PropMembID": "0",
    "PropMembInde": "",
    "PropName": "",
    "Remarks": "",
    "Rider": [],
    "ShorName": "JAYESH P.SURANA",
    "Sum": "1e+06",
    "TaxBene": "",
    "Term": "20"
  },
  {
    "AnnuAmou": "0",
    "AnnuMode": "",
    "AnnuOpti": "",
    "AnnuOptiDesc": "",
    "AnnuPrem": "29532",
    "BasiPrem": "28932",
    "BranNumb": "723",
    "CommDate": "01-Apr-2009",
    "CommPerc": "0",
    "DOB": "15-Mar-1977",
    "DebiDay": "0",
    "FULIDate": "01-Jan-0001",
    "FUPDate": "01-Apr-2022",
    "FundId": 0,
    "GST": "0",
    "Gender": "M",
    "InstPrem": "29532",
    "IsDead": false,
    "IsHandicap": false,
    "IsSmoker": false,
    "LoanBala": 0,
    "LoanDate": "01-Jan-0001",
    "Lumpsum": "0",
    "MatuDate": "01-Apr-2029",
    "MatuSett": "0",
    "MembID": "800",
    "MembInde": "1",
    "NACHBankAcco": "",
    "NACHBankName": "",
    "NCO": "0",
    "NEFTBankAcco": "",
    "NEFTBankName": "",
    "Nominee": "Alpa J.surana",
    "Others": "",
    "OwnAgen": "-1",
    "PPT": "20",
    "PaymMode": "Y",
    "Plan": "178",
    "PlanName": "Jeevan Tarang",
    "PoliNumb": "718968042",
    "PoliStat": "I",
    "PremEndDate": "01-Apr-2029",
    "PropMembID": "0",
    "PropMembInde": "",
    "PropName": "",
    "Remarks": "",
    "Rider": [
      {
        "PoliNumb": "718968042",
        "RideBasicPremium": "600",
        "RideCode": "3",
        "RidePPT": "0",
        "RideSum": "600000",
        "RideTerm": "0"
      }
    ],
    "ShorName": "JAYESH P.SURANA",
    "Sum": "600000",
    "TaxBene": "",
    "Term": "20"
  },
  {
    "AnnuAmou": "0",
    "AnnuMode": "",
    "AnnuOpti": "",
    "AnnuOptiDesc": "",
    "AnnuPrem": "16427",
    "BasiPrem": "16052",
    "BranNumb": "724",
    "CommDate": "28-Jan-2020",
    "CommPerc": "0",
    "DOB": "08-Sep-1980",
    "DebiDay": "0",
    "FULIDate": "01-Jan-0001",
    "FUPDate": "28-Jan-2022",
    "FundId": 0,
    "GST": "739",
    "Gender": "M",
    "InstPrem": "16427",
    "IsDead": false,
    "IsHandicap": false,
    "IsSmoker": false,
    "LoanBala": 0,
    "LoanDate": "01-Jan-0001",
    "Lumpsum": "0",
    "MatuDate": "28-Jan-2081",
    "MatuSett": "0",
    "MembID": "866",
    "MembInde": "4",
    "NACHBankAcco": "",
    "NACHBankName": "",
    "NCO": "0",
    "NEFTBankAcco": "",
    "NEFTBankName": "",
    "Nominee": "Yogita M.surana",
    "Others": "",
    "OwnAgen": "-1",
    "PPT": "20",
    "PaymMode": "Y",
    "Plan": "845",
    "PlanName": "Jeevan Umang",
    "PoliNumb": "319054645",
    "PoliStat": "I",
    "PremEndDate": "28-Jan-2040",
    "PropMembID": "0",
    "PropMembInde": "",
    "PropName": "",
    "Remarks": "",
    "Rider": [
      {
        "PoliNumb": "319054645",
        "RideBasicPremium": "375",
        "RideCode": "3",
        "RidePPT": "0",
        "RideSum": "300000",
        "RideTerm": "0"
      }
    ],
    "ShorName": "MANISH P.SURANA",
    "Sum": "300000",
    "TaxBene": "",
    "Term": "61"
  },
  {
    "AnnuAmou": "0",
    "AnnuMode": "",
    "AnnuOpti": "",
    "AnnuOptiDesc": "",
    "AnnuPrem": "16884",
    "BasiPrem": "16444",
    "BranNumb": "724",
    "CommDate": "28-Nov-2019",
    "CommPerc": "0",
    "DOB": "08-Sep-1980",
    "DebiDay": "0",
    "FULIDate": "01-Jan-0001",
    "FUPDate": "28-Nov-2021",
    "FundId": 0,
    "GST": "760",
    "Gender": "M",
    "InstPrem": "16884",
    "IsDead": false,
    "IsHandicap": false,
    "IsSmoker": false,
    "LoanBala": 0,
    "LoanDate": "01-Jan-0001",
    "Lumpsum": "0",
    "MatuDate": "28-Nov-2080",
    "MatuSett": "0",
    "MembID": "866",
    "MembInde": "4",
    "NACHBankAcco": "",
    "NACHBankName": "",
    "NCO": "0",
    "NEFTBankAcco": "",
    "NEFTBankName": "",
    "Nominee": "Yogita M.surana",
    "Others": "",
    "OwnAgen": "-1",
    "PPT": "25",
    "PaymMode": "Y",
    "Plan": "845",
    "PlanName": "Jeevan Umang",
    "PoliNumb": "319054646",
    "PoliStat": "I",
    "PremEndDate": "28-Nov-2044",
    "PropMembID": "0",
    "PropMembInde": "",
    "PropName": "",
    "Remarks": "",
    "Rider": [
      {
        "PoliNumb": "319054646",
        "RideBasicPremium": "440",
        "RideCode": "3",
        "RidePPT": "0",
        "RideSum": "400000",
        "RideTerm": "0"
      }
    ],
    "ShorName": "MANISH P.SURANA",
    "Sum": "400000",
    "TaxBene": "",
    "Term": "61"
  },
  {
    "AnnuAmou": "0",
    "AnnuMode": "",
    "AnnuOpti": "",
    "AnnuOptiDesc": "",
    "AnnuPrem": "16878",
    "BasiPrem": "16353",
    "BranNumb": "724",
    "CommDate": "28-Jan-2020",
    "CommPerc": "0",
    "DOB": "08-Sep-1980",
    "DebiDay": "0",
    "FULIDate": "01-Jan-0001",
    "FUPDate": "28-Jan-2022",
    "FundId": 0,
    "GST": "760",
    "Gender": "M",
    "InstPrem": "16878",
    "IsDead": false,
    "IsHandicap": false,
    "IsSmoker": false,
    "LoanBala": 0,
    "LoanDate": "01-Jan-0001",
    "Lumpsum": "0",
    "MatuDate": "28-Jan-2081",
    "MatuSett": "0",
    "MembID": "866",
    "MembInde": "4",
    "NACHBankAcco": "",
    "NACHBankName": "",
    "NCO": "0",
    "NEFTBankAcco": "",
    "NEFTBankName": "",
    "Nominee": "Yogita M.surana",
    "Others": "",
    "OwnAgen": "-1",
    "PPT": "30",
    "PaymMode": "Y",
    "Plan": "845",
    "PlanName": "Jeevan Umang",
    "PoliNumb": "319054647",
    "PoliStat": "I",
    "PremEndDate": "28-Jan-2050",
    "PropMembID": "0",
    "PropMembInde": "",
    "PropName": "",
    "Remarks": "",
    "Rider": [
      {
        "PoliNumb": "319054647",
        "RideBasicPremium": "525",
        "RideCode": "3",
        "RidePPT": "0",
        "RideSum": "500000",
        "RideTerm": "0"
      }
    ],
    "ShorName": "MANISH P.SURANA",
    "Sum": "500000",
    "TaxBene": "",
    "Term": "61"
  },
  {
    "AnnuAmou": "0",
    "AnnuMode": "",
    "AnnuOpti": "",
    "AnnuOptiDesc": "",
    "AnnuPrem": "24058",
    "BasiPrem": "23608",
    "BranNumb": "724",
    "CommDate": "28-Jan-2020",
    "CommPerc": "0",
    "DOB": "08-Sep-1980",
    "DebiDay": "0",
    "FULIDate": "01-Jan-0001",
    "FUPDate": "28-Jan-2022",
    "FundId": 0,
    "GST": "1083",
    "Gender": "M",
    "InstPrem": "24058",
    "IsDead": false,
    "IsHandicap": false,
    "IsSmoker": false,
    "LoanBala": 0,
    "LoanDate": "01-Jan-0001",
    "Lumpsum": "0",
    "MatuDate": "28-Jan-2081",
    "MatuSett": "0",
    "MembID": "866",
    "MembInde": "4",
    "NACHBankAcco": "",
    "NACHBankName": "",
    "NCO": "0",
    "NEFTBankAcco": "",
    "NEFTBankName": "",
    "Nominee": "Yogita M.surana",
    "Others": "",
    "OwnAgen": "-1",
    "PPT": "15",
    "PaymMode": "Y",
    "Plan": "845",
    "PlanName": "Jeevan Umang",
    "PoliNumb": "319054649",
    "PoliStat": "I",
    "PremEndDate": "28-Jan-2035",
    "PropMembID": "0",
    "PropMembInde": "",
    "PropName": "",
    "Remarks": "",
    "Rider": [
      {
        "PoliNumb": "319054649",
        "RideBasicPremium": "450",
        "RideCode": "3",
        "RidePPT": "0",
        "RideSum": "300000",
        "RideTerm": "0"
      }
    ],
    "ShorName": "MANISH P.SURANA",
    "Sum": "300000",
    "TaxBene": "",
    "Term": "61"
  },
  {
    "AnnuAmou": "0",
    "AnnuMode": "",
    "AnnuOpti": "",
    "AnnuOptiDesc": "",
    "AnnuPrem": "24750",
    "BasiPrem": "12375",
    "BranNumb": "653",
    "CommDate": "25-Jan-2000",
    "CommPerc": "0",
    "DOB": "08-Sep-1980",
    "DebiDay": "0",
    "FULIDate": "01-Jan-0001",
    "FUPDate": "01-Jan-0001",
    "FundId": 0,
    "GST": "0",
    "Gender": "M",
    "InstPrem": "12375",
    "IsDead": false,
    "IsHandicap": false,
    "IsSmoker": false,
    "LoanBala": 0,
    "LoanDate": "01-Jan-0001",
    "Lumpsum": "0",
    "MatuDate": "25-Jan-2025",
    "MatuSett": "0",
    "MembID": "866",
    "MembInde": "4",
    "NACHBankAcco": "",
    "NACHBankName": "",
    "NCO": "0",
    "NEFTBankAcco": "",
    "NEFTBankName": "",
    "Nominee": "",
    "Others": "",
    "OwnAgen": "-1",
    "PPT": "16",
    "PaymMode": "H",
    "Plan": "112",
    "PlanName": "Jeevan Shree",
    "PoliNumb": "682031442",
    "PoliStat": "I",
    "PremEndDate": "25-Jan-2016",
    "PropMembID": "0",
    "PropMembInde": "",
    "PropName": "",
    "Remarks": "",
    "Rider": [],
    "ShorName": "MANISH P.SURANA",
    "Sum": "500000",
    "TaxBene": "",
    "Term": "25"
  },
  {
    "AnnuAmou": "0",
    "AnnuMode": "",
    "AnnuOpti": "",
    "AnnuOptiDesc": "",
    "AnnuPrem": "5131",
    "BasiPrem": "5131",
    "BranNumb": "724",
    "CommDate": "28-Jul-2003",
    "CommPerc": "0",
    "DOB": "08-Sep-1980",
    "DebiDay": "0",
    "FULIDate": "01-Jan-0001",
    "FUPDate": "28-Jul-2021",
    "FundId": 0,
    "GST": "0",
    "Gender": "M",
    "InstPrem": "5131",
    "IsDead": false,
    "IsHandicap": false,
    "IsSmoker": false,
    "LoanBala": 0,
    "LoanDate": "01-Jan-0001",
    "Lumpsum": "0",
    "MatuDate": "28-Jul-2024",
    "MatuSett": "0",
    "MembID": "866",
    "MembInde": "4",
    "NACHBankAcco": "",
    "NACHBankName": "",
    "NCO": "0",
    "NEFTBankAcco": "",
    "NEFTBankName": "",
    "Nominee": "",
    "Others": "400000",
    "OwnAgen": "-1",
    "PPT": "21",
    "PaymMode": "Y",
    "Plan": "149",
    "PlanName": "Jeevan Anand",
    "PoliNumb": "686844887",
    "PoliStat": "I",
    "PremEndDate": "28-Jul-2024",
    "PropMembID": "0",
    "PropMembInde": "",
    "PropName": "",
    "Remarks": "",
    "Rider": [
      {
        "PoliNumb": "686844887",
        "RideBasicPremium": "0",
        "RideCode": "3",
        "RidePPT": "0",
        "RideSum": "100000",
        "RideTerm": "0"
      }
    ],
    "ShorName": "MANISH P.SURANA",
    "Sum": "100000",
    "TaxBene": "",
    "Term": "21"
  },
  {
    "AnnuAmou": "0",
    "AnnuMode": "",
    "AnnuOpti": "",
    "AnnuOptiDesc": "",
    "AnnuPrem": "23751",
    "BasiPrem": "23751",
    "BranNumb": "71U",
    "CommDate": "28-Aug-2013",
    "CommPerc": "0",
    "DOB": "08-Sep-1980",
    "DebiDay": "0",
    "FULIDate": "01-Jan-0001",
    "FUPDate": "28-Aug-2021",
    "FundId": 0,
    "GST": "0",
    "Gender": "M",
    "InstPrem": "23751",
    "IsDead": false,
    "IsHandicap": false,
    "IsSmoker": false,
    "LoanBala": 0,
    "LoanDate": "01-Jan-0001",
    "Lumpsum": "0",
    "MatuDate": "28-Aug-2028",
    "MatuSett": "0",
    "MembID": "866",
    "MembInde": "4",
    "NACHBankAcco": "",
    "NACHBankName": "",
    "NCO": "0",
    "NEFTBankAcco": "",
    "NEFTBankName": "",
    "Nominee": "Yogita M.surana",
    "Others": "400000",
    "OwnAgen": "-1",
    "PPT": "15",
    "PaymMode": "Y",
    "Plan": "149",
    "PlanName": "Jeevan Anand",
    "PoliNumb": "708111743",
    "PoliStat": "I",
    "PremEndDate": "28-Aug-2028",
    "PropMembID": "0",
    "PropMembInde": "",
    "PropName": "",
    "Remarks": "",
    "Rider": [
      {
        "PoliNumb": "708111743",
        "RideBasicPremium": "0",
        "RideCode": "3",
        "RidePPT": "0",
        "RideSum": "300000",
        "RideTerm": "0"
      }
    ],
    "ShorName": "MANISH P.SURANA",
    "Sum": "300000",
    "TaxBene": "",
    "Term": "15"
  },
  {
    "AnnuAmou": "0",
    "AnnuMode": "",
    "AnnuOpti": "",
    "AnnuOptiDesc": "",
    "AnnuPrem": "36714",
    "BasiPrem": "35814",
    "BranNumb": "724",
    "CommDate": "28-Jan-2015",
    "CommPerc": "0",
    "DOB": "08-Sep-1980",
    "DebiDay": "0",
    "FULIDate": "01-Jan-0001",
    "FUPDate": "28-Jan-2022",
    "FundId": 0,
    "GST": "1134",
    "Gender": "M",
    "InstPrem": "36714",
    "IsDead": false,
    "IsHandicap": false,
    "IsSmoker": false,
    "LoanBala": 0,
    "LoanDate": "01-Jan-0001",
    "Lumpsum": "0",
    "MatuDate": "28-Jan-2036",
    "MatuSett": "0",
    "MembID": "866",
    "MembInde": "4",
    "NACHBankAcco": "",
    "NACHBankName": "",
    "NCO": "0",
    "NEFTBankAcco": "",
    "NEFTBankName": "",
    "Nominee": "Yogita M.surana",
    "Others": "",
    "OwnAgen": "-1",
    "PPT": "9",
    "PaymMode": "Y",
    "Plan": "830",
    "PlanName": "Limited Premium Endowment",
    "PoliNumb": "708387835",
    "PoliStat": "I",
    "PremEndDate": "28-Jan-2024",
    "PropMembID": "0",
    "PropMembInde": "",
    "PropName": "",
    "Remarks": "",
    "Rider": [
      {
        "PoliNumb": "708387835",
        "RideBasicPremium": "900",
        "RideCode": "3",
        "RidePPT": "0",
        "RideSum": "500000",
        "RideTerm": "0"
      }
    ],
    "ShorName": "MANISH P.SURANA",
    "Sum": "500000",
    "TaxBene": "",
    "Term": "21"
  },
  {
    "AnnuAmou": "0",
    "AnnuMode": "",
    "AnnuOpti": "",
    "AnnuOptiDesc": "",
    "AnnuPrem": "28925",
    "BasiPrem": "28430",
    "BranNumb": "724",
    "CommDate": "28-Dec-2015",
    "CommPerc": "0",
    "DOB": "08-Sep-1980",
    "DebiDay": "0",
    "FULIDate": "01-Jan-0001",
    "FUPDate": "28-Dec-2021",
    "FundId": 0,
    "GST": "1049",
    "Gender": "M",
    "InstPrem": "28925",
    "IsDead": false,
    "IsHandicap": false,
    "IsSmoker": false,
    "LoanBala": 0,
    "LoanDate": "01-Jan-0001",
    "Lumpsum": "0",
    "MatuDate": "28-Dec-2031",
    "MatuSett": "0",
    "MembID": "866",
    "MembInde": "4",
    "NACHBankAcco": "",
    "NACHBankName": "",
    "NCO": "0",
    "NEFTBankAcco": "",
    "NEFTBankName": "",
    "Nominee": "Yogita M.surana",
    "Others": "",
    "OwnAgen": "-1",
    "PPT": "8",
    "PaymMode": "Y",
    "Plan": "830",
    "PlanName": "Limited Premium Endowment",
    "PoliNumb": "708551164",
    "PoliStat": "I",
    "PremEndDate": "28-Dec-2023",
    "PropMembID": "0",
    "PropMembInde": "",
    "PropName": "",
    "Remarks": "",
    "Rider": [
      {
        "PoliNumb": "708551164",
        "RideBasicPremium": "495",
        "RideCode": "3",
        "RidePPT": "0",
        "RideSum": "300000",
        "RideTerm": "0"
      }
    ],
    "ShorName": "MANISH P.SURANA",
    "Sum": "300000",
    "TaxBene": "",
    "Term": "16"
  },
  {
    "AnnuAmou": "0",
    "AnnuMode": "",
    "AnnuOpti": "",
    "AnnuOptiDesc": "",
    "AnnuPrem": "3886",
    "BasiPrem": "1893",
    "BranNumb": "729",
    "CommDate": "28-Jun-2008",
    "CommPerc": "0",
    "DOB": "08-Sep-1980",
    "DebiDay": "0",
    "FULIDate": "01-Jan-0001",
    "FUPDate": "28-Jun-2021",
    "FundId": 0,
    "GST": "0",
    "Gender": "M",
    "InstPrem": "1943",
    "IsDead": false,
    "IsHandicap": false,
    "IsSmoker": false,
    "LoanBala": 0,
    "LoanDate": "01-Jan-0001",
    "Lumpsum": "0",
    "MatuDate": "28-Jun-2028",
    "MatuSett": "0",
    "MembID": "866",
    "MembInde": "4",
    "NACHBankAcco": "",
    "NACHBankName": "",
    "NCO": "0",
    "NEFTBankAcco": "",
    "NEFTBankName": "",
    "Nominee": "Yogita M.surana",
    "Others": "",
    "OwnAgen": "-1",
    "PPT": "20",
    "PaymMode": "H",
    "Plan": "179",
    "PlanName": "New Bima Gold",
    "PoliNumb": "714795748",
    "PoliStat": "I",
    "PremEndDate": "28-Jun-2028",
    "PropMembID": "0",
    "PropMembInde": "",
    "PropName": "",
    "Remarks": "",
    "Rider": [
      {
        "PoliNumb": "714795748",
        "RideBasicPremium": "50",
        "RideCode": "3",
        "RidePPT": "0",
        "RideSum": "100000",
        "RideTerm": "0"
      }
    ],
    "ShorName": "MANISH P.SURANA",
    "Sum": "100000",
    "TaxBene": "",
    "Term": "20"
  },
  {
    "AnnuAmou": "0",
    "AnnuMode": "",
    "AnnuOpti": "",
    "AnnuOptiDesc": "",
    "AnnuPrem": "2503",
    "BasiPrem": "2503",
    "BranNumb": "724",
    "CommDate": "28-Jul-1999",
    "CommPerc": "0",
    "DOB": "08-Sep-1980",
    "DebiDay": "0",
    "FULIDate": "01-Jan-0001",
    "FUPDate": "28-Jul-2021",
    "FundId": 0,
    "GST": "0",
    "Gender": "M",
    "InstPrem": "2503",
    "IsDead": false,
    "IsHandicap": false,
    "IsSmoker": false,
    "LoanBala": 0,
    "LoanDate": "01-Jan-0001",
    "Lumpsum": "0",
    "MatuDate": "28-Jul-2029",
    "MatuSett": "0",
    "MembID": "866",
    "MembInde": "4",
    "NACHBankAcco": "",
    "NACHBankName": "",
    "NCO": "0",
    "NEFTBankAcco": "",
    "NEFTBankName": "",
    "Nominee": "",
    "Others": "",
    "OwnAgen": "-1",
    "PPT": "30",
    "PaymMode": "Y",
    "Plan": "111",
    "PlanName": "Bima Kiran",
    "PoliNumb": "716290142",
    "PoliStat": "I",
    "PremEndDate": "28-Jul-2029",
    "PropMembID": "0",
    "PropMembInde": "",
    "PropName": "",
    "Remarks": "",
    "Rider": [],
    "ShorName": "MANISH P.SURANA",
    "Sum": "300000",
    "TaxBene": "",
    "Term": "30"
  },
  {
    "AnnuAmou": "0",
    "AnnuMode": "",
    "AnnuOpti": "",
    "AnnuOptiDesc": "",
    "AnnuPrem": "9511",
    "BasiPrem": "9261",
    "BranNumb": "724",
    "CommDate": "28-Dec-2005",
    "CommPerc": "0",
    "DOB": "08-Sep-1980",
    "DebiDay": "0",
    "FULIDate": "01-Jan-0001",
    "FUPDate": "28-Dec-2021",
    "FundId": 0,
    "GST": "0",
    "Gender": "M",
    "InstPrem": "9511",
    "IsDead": false,
    "IsHandicap": false,
    "IsSmoker": false,
    "LoanBala": 0,
    "LoanDate": "01-Jan-0001",
    "Lumpsum": "0",
    "MatuDate": "28-Dec-2035",
    "MatuSett": "0",
    "MembID": "866",
    "MembInde": "4",
    "NACHBankAcco": "",
    "NACHBankName": "",
    "NCO": "0",
    "NEFTBankAcco": "",
    "NEFTBankName": "",
    "Nominee": "Yogita M.surana",
    "Others": "",
    "OwnAgen": "-1",
    "PPT": "30",
    "PaymMode": "Y",
    "Plan": "133",
    "PlanName": "Jeevan Mitra - Triple",
    "PoliNumb": "717714085",
    "PoliStat": "I",
    "PremEndDate": "28-Dec-2035",
    "PropMembID": "0",
    "PropMembInde": "",
    "PropName": "",
    "Remarks": "",
    "Rider": [
      {
        "PoliNumb": "717714085",
        "RideBasicPremium": "250",
        "RideCode": "3",
        "RidePPT": "0",
        "RideSum": "250000",
        "RideTerm": "0"
      }
    ],
    "ShorName": "MANISH P.SURANA",
    "Sum": "250000",
    "TaxBene": "",
    "Term": "30"
  },
  {
    "AnnuAmou": "0",
    "AnnuMode": "",
    "AnnuOpti": "",
    "AnnuOptiDesc": "",
    "AnnuPrem": "7356",
    "BasiPrem": "3678",
    "BranNumb": "685",
    "CommDate": "09-Sep-2005",
    "CommPerc": "0",
    "DOB": "09-Sep-2005",
    "DebiDay": "0",
    "FULIDate": "01-Jan-0001",
    "FUPDate": "09-Sep-2014",
    "FundId": 0,
    "GST": "0",
    "Gender": "F",
    "InstPrem": "3678",
    "IsDead": false,
    "IsHandicap": false,
    "IsSmoker": false,
    "LoanBala": 0,
    "LoanDate": "01-Jan-0001",
    "Lumpsum": "0",
    "MatuDate": "09-Sep-2031",
    "MatuSett": "0",
    "MembID": "975",
    "MembInde": "8",
    "NACHBankAcco": "",
    "NACHBankName": "",
    "NCO": "0",
    "NEFTBankAcco": "",
    "NEFTBankName": "",
    "Nominee": "Jayesh P.surana",
    "Others": "15/03/1977",
    "OwnAgen": "-1",
    "PPT": "18",
    "PaymMode": "H",
    "Plan": "159",
    "PlanName": "Komal Jeevan",
    "PoliNumb": "674332689",
    "PoliStat": "R",
    "PremEndDate": "09-Sep-2023",
    "PropMembID": "800",
    "PropMembInde": "1",
    "PropName": "JAYESH P.SURANA",
    "Remarks": "",
    "Rider": [],
    "ShorName": "TANISHA J.SURANA",
    "Sum": "100000",
    "TaxBene": "",
    "Term": "26"
  },
  {
    "AnnuAmou": "0",
    "AnnuMode": "",
    "AnnuOpti": "",
    "AnnuOptiDesc": "",
    "AnnuPrem": "17002",
    "BasiPrem": "8296",
    "BranNumb": "685",
    "CommDate": "28-Aug-2008",
    "CommPerc": "0",
    "DOB": "09-Sep-2005",
    "DebiDay": "0",
    "FULIDate": "01-Jan-0001",
    "FUPDate": "28-Aug-2015",
    "FundId": 0,
    "GST": "0",
    "Gender": "F",
    "InstPrem": "8501",
    "IsDead": false,
    "IsHandicap": false,
    "IsSmoker": false,
    "LoanBala": 0,
    "LoanDate": "01-Jan-0001",
    "Lumpsum": "0",
    "MatuDate": "28-Aug-2032",
    "MatuSett": "0",
    "MembID": "975",
    "MembInde": "8",
    "NACHBankAcco": "",
    "NACHBankName": "",
    "NCO": "0",
    "NEFTBankAcco": "",
    "NEFTBankName": "",
    "Nominee": "Alpa J.surana",
    "Others": "29/07/1981",
    "OwnAgen": "-1",
    "PPT": "16",
    "PaymMode": "H",
    "Plan": "159",
    "PlanName": "Komal Jeevan",
    "PoliNumb": "674362723",
    "PoliStat": "R",
    "PremEndDate": "28-Aug-2024",
    "PropMembID": "1289",
    "PropMembInde": "",
    "PropName": "",
    "Remarks": "",
    "Rider": [
      {
        "PoliNumb": "674362723",
        "RideBasicPremium": "205",
        "RideCode": "1",
        "RidePPT": "0",
        "RideSum": "8296",
        "RideTerm": "0"
      }
    ],
    "ShorName": "TANISHA J.SURANA",
    "Sum": "200000",
    "TaxBene": "",
    "Term": "24"
  },
  {
    "AnnuAmou": "0",
    "AnnuMode": "",
    "AnnuOpti": "",
    "AnnuOptiDesc": "",
    "AnnuPrem": "10000",
    "BasiPrem": "10000",
    "BranNumb": "724",
    "CommDate": "06-Jun-2007",
    "CommPerc": "0",
    "DOB": "09-Sep-2005",
    "DebiDay": "0",
    "FULIDate": "01-Jan-0001",
    "FUPDate": "06-Jun-2019",
    "FundId": 0,
    "GST": "0",
    "Gender": "F",
    "InstPrem": "10000",
    "IsDead": false,
    "IsHandicap": false,
    "IsSmoker": false,
    "LoanBala": 0,
    "LoanDate": "01-Jan-0001",
    "Lumpsum": "0",
    "MatuDate": "06-Jun-2027",
    "MatuSett": "0",
    "MembID": "975",
    "MembInde": "8",
    "NACHBankAcco": "",
    "NACHBankName": "",
    "NCO": "0",
    "NEFTBankAcco": "",
    "NEFTBankName": "",
    "Nominee": "",
    "Others": "",
    "OwnAgen": "-1",
    "PPT": "20",
    "PaymMode": "Y",
    "Plan": "180",
    "PlanName": "Money Plus",
    "PoliNumb": "718184521",
    "PoliStat": "L",
    "PremEndDate": "06-Jun-2027",
    "PropMembID": "0",
    "PropMembInde": "",
    "PropName": "",
    "Remarks": "",
    "Rider": [],
    "ShorName": "TANISHA J.SURANA",
    "Sum": "100000",
    "TaxBene": "",
    "Term": "20"
  },
  {
    "AnnuAmou": "0",
    "AnnuMode": "",
    "AnnuOpti": "",
    "AnnuOptiDesc": "",
    "AnnuPrem": "4683",
    "BasiPrem": "4531",
    "BranNumb": "727",
    "CommDate": "28-Aug-2007",
    "CommPerc": "0",
    "DOB": "09-Sep-2005",
    "DebiDay": "0",
    "FULIDate": "01-Jan-0001",
    "FUPDate": "28-Aug-2021",
    "FundId": 0,
    "GST": "0",
    "Gender": "F",
    "InstPrem": "4683",
    "IsDead": false,
    "IsHandicap": false,
    "IsSmoker": false,
    "LoanBala": 0,
    "LoanDate": "01-Jan-0001",
    "Lumpsum": "0",
    "MatuDate": "28-Aug-2028",
    "MatuSett": "0",
    "MembID": "975",
    "MembInde": "8",
    "NACHBankAcco": "",
    "NACHBankName": "",
    "NCO": "0",
    "NEFTBankAcco": "",
    "NEFTBankName": "",
    "Nominee": "Jayesh P.surana",
    "Others": "05/03/1977",
    "OwnAgen": "-1",
    "PPT": "21",
    "PaymMode": "Y",
    "Plan": "102",
    "PlanName": "Jeevan Kishore ",
    "PoliNumb": "718422824",
    "PoliStat": "I",
    "PremEndDate": "28-Aug-2028",
    "PropMembID": "800",
    "PropMembInde": "1",
    "PropName": "JAYESH P.SURANA",
    "Remarks": "",
    "Rider": [
      {
        "PoliNumb": "718422824",
        "RideBasicPremium": "152",
        "RideCode": "2",
        "RidePPT": "0",
        "RideSum": "4531",
        "RideTerm": "0"
      }
    ],
    "ShorName": "TANISHA J.SURANA",
    "Sum": "105000",
    "TaxBene": "",
    "Term": "21"
  },
  {
    "AnnuAmou": "0",
    "AnnuMode": "",
    "AnnuOpti": "",
    "AnnuOptiDesc": "",
    "AnnuPrem": "7356",
    "BasiPrem": "3678",
    "BranNumb": "685",
    "CommDate": "09-Sep-2005",
    "CommPerc": "0",
    "DOB": "09-Sep-2005",
    "DebiDay": "0",
    "FULIDate": "01-Jan-0001",
    "FUPDate": "09-Sep-2014",
    "FundId": 0,
    "GST": "0",
    "Gender": "F",
    "InstPrem": "3678",
    "IsDead": false,
    "IsHandicap": false,
    "IsSmoker": false,
    "LoanBala": 0,
    "LoanDate": "01-Jan-0001",
    "Lumpsum": "0",
    "MatuDate": "09-Sep-2031",
    "MatuSett": "0",
    "MembID": "976",
    "MembInde": "7",
    "NACHBankAcco": "",
    "NACHBankName": "",
    "NCO": "0",
    "NEFTBankAcco": "",
    "NEFTBankName": "",
    "Nominee": "Jayesh P.surana",
    "Others": "15/03/1977",
    "OwnAgen": "-1",
    "PPT": "18",
    "PaymMode": "H",
    "Plan": "159",
    "PlanName": "Komal Jeevan",
    "PoliNumb": "674332688",
    "PoliStat": "I",
    "PremEndDate": "09-Sep-2023",
    "PropMembID": "800",
    "PropMembInde": "1",
    "PropName": "JAYESH P.SURANA",
    "Remarks": "",
    "Rider": [],
    "ShorName": "TANVI J.SURANA",
    "Sum": "100000",
    "TaxBene": "",
    "Term": "26"
  },
  {
    "AnnuAmou": "0",
    "AnnuMode": "",
    "AnnuOpti": "",
    "AnnuOptiDesc": "",
    "AnnuPrem": "17002",
    "BasiPrem": "8296",
    "BranNumb": "685",
    "CommDate": "28-Aug-2008",
    "CommPerc": "0",
    "DOB": "09-Sep-2005",
    "DebiDay": "0",
    "FULIDate": "01-Jan-0001",
    "FUPDate": "28-Aug-2017",
    "FundId": 0,
    "GST": "0",
    "Gender": "F",
    "InstPrem": "8501",
    "IsDead": false,
    "IsHandicap": false,
    "IsSmoker": false,
    "LoanBala": 0,
    "LoanDate": "01-Jan-0001",
    "Lumpsum": "0",
    "MatuDate": "28-Aug-2032",
    "MatuSett": "0",
    "MembID": "976",
    "MembInde": "7",
    "NACHBankAcco": "",
    "NACHBankName": "",
    "NCO": "0",
    "NEFTBankAcco": "",
    "NEFTBankName": "",
    "Nominee": "Alpa J.surana",
    "Others": "29/07/1981",
    "OwnAgen": "-1",
    "PPT": "16",
    "PaymMode": "H",
    "Plan": "159",
    "PlanName": "Komal Jeevan",
    "PoliNumb": "674362721",
    "PoliStat": "R",
    "PremEndDate": "28-Aug-2024",
    "PropMembID": "1289",
    "PropMembInde": "",
    "PropName": "",
    "Remarks": "",
    "Rider": [
      {
        "PoliNumb": "674362721",
        "RideBasicPremium": "205",
        "RideCode": "1",
        "RidePPT": "0",
        "RideSum": "8296",
        "RideTerm": "0"
      }
    ],
    "ShorName": "TANVI J.SURANA",
    "Sum": "200000",
    "TaxBene": "",
    "Term": "24"
  },
  {
    "AnnuAmou": "0",
    "AnnuMode": "",
    "AnnuOpti": "",
    "AnnuOptiDesc": "",
    "AnnuPrem": "4687",
    "BasiPrem": "4541",
    "BranNumb": "724",
    "CommDate": "28-Nov-2005",
    "CommPerc": "0",
    "DOB": "09-Sep-2005",
    "DebiDay": "0",
    "FULIDate": "01-Jan-0001",
    "FUPDate": "28-Nov-2021",
    "FundId": 0,
    "GST": "0",
    "Gender": "F",
    "InstPrem": "4687",
    "IsDead": false,
    "IsHandicap": false,
    "IsSmoker": false,
    "LoanBala": 0,
    "LoanDate": "01-Jan-0001",
    "Lumpsum": "0",
    "MatuDate": "28-Nov-2026",
    "MatuSett": "0",
    "MembID": "976",
    "MembInde": "7",
    "NACHBankAcco": "",
    "NACHBankName": "",
    "NCO": "0",
    "NEFTBankAcco": "",
    "NEFTBankName": "",
    "Nominee": "Jayesh P.surana",
    "Others": "05/03/1977",
    "OwnAgen": "-1",
    "PPT": "21",
    "PaymMode": "Y",
    "Plan": "102",
    "PlanName": "Jeevan Kishore ",
    "PoliNumb": "717709648",
    "PoliStat": "I",
    "PremEndDate": "28-Nov-2026",
    "PropMembID": "800",
    "PropMembInde": "1",
    "PropName": "JAYESH P.SURANA",
    "Remarks": "",
    "Rider": [
      {
        "PoliNumb": "717709648",
        "RideBasicPremium": "146",
        "RideCode": "2",
        "RidePPT": "0",
        "RideSum": "4541",
        "RideTerm": "0"
      }
    ],
    "ShorName": "TANVI J.SURANA",
    "Sum": "105000",
    "TaxBene": "",
    "Term": "21"
  },
  {
    "AnnuAmou": "0",
    "AnnuMode": "",
    "AnnuOpti": "",
    "AnnuOptiDesc": "",
    "AnnuPrem": "5564",
    "BasiPrem": "2782",
    "BranNumb": "729",
    "CommDate": "28-Jun-2008",
    "CommPerc": "0",
    "DOB": "22-Oct-2006",
    "DebiDay": "0",
    "FULIDate": "01-Jan-0001",
    "FUPDate": "28-Jun-2021",
    "FundId": 0,
    "GST": "0",
    "Gender": "F",
    "InstPrem": "2782",
    "IsDead": false,
    "IsHandicap": false,
    "IsSmoker": false,
    "LoanBala": 0,
    "LoanDate": "01-Jan-0001",
    "Lumpsum": "0",
    "MatuDate": "28-Jun-2030",
    "MatuSett": "0",
    "MembID": "977",
    "MembInde": "9",
    "NACHBankAcco": "",
    "NACHBankName": "",
    "NCO": "0",
    "NEFTBankAcco": "",
    "NEFTBankName": "",
    "Nominee": "Manish P.surana",
    "Others": "",
    "OwnAgen": "-1",
    "PPT": "17",
    "PaymMode": "H",
    "Plan": "185",
    "PlanName": "Child Future Plan",
    "PoliNumb": "714795713",
    "PoliStat": "I",
    "PremEndDate": "28-Jun-2025",
    "PropMembID": "866",
    "PropMembInde": "4",
    "PropName": "MANISH P.SURANA",
    "Remarks": "",
    "Rider": [],
    "ShorName": "REEHA M.SURANA",
    "Sum": "100000",
    "TaxBene": "",
    "Term": "22"
  },
  {
    "AnnuAmou": "0",
    "AnnuMode": "",
    "AnnuOpti": "",
    "AnnuOptiDesc": "",
    "AnnuPrem": "4531",
    "BasiPrem": "4531",
    "BranNumb": "724",
    "CommDate": "28-Dec-2006",
    "CommPerc": "0",
    "DOB": "22-Oct-2006",
    "DebiDay": "0",
    "FULIDate": "01-Jan-0001",
    "FUPDate": "28-Dec-2021",
    "FundId": 0,
    "GST": "0",
    "Gender": "F",
    "InstPrem": "4531",
    "IsDead": false,
    "IsHandicap": false,
    "IsSmoker": false,
    "LoanBala": 0,
    "LoanDate": "01-Jan-0001",
    "Lumpsum": "0",
    "MatuDate": "28-Dec-2027",
    "MatuSett": "0",
    "MembID": "977",
    "MembInde": "9",
    "NACHBankAcco": "",
    "NACHBankName": "",
    "NCO": "0",
    "NEFTBankAcco": "",
    "NEFTBankName": "",
    "Nominee": "MANISH P.SURANA",
    "Others": "08/09/1980",
    "OwnAgen": "-1",
    "PPT": "21",
    "PaymMode": "Y",
    "Plan": "102",
    "PlanName": "Jeevan Kishore ",
    "PoliNumb": "717971545",
    "PoliStat": "I",
    "PremEndDate": "28-Dec-2027",
    "PropMembID": "1289",
    "PropMembInde": "",
    "PropName": "",
    "Remarks": "",
    "Rider": [],
    "ShorName": "REEHA M.SURANA",
    "Sum": "105000",
    "TaxBene": "",
    "Term": "21"
  },
  {
    "AnnuAmou": "0",
    "AnnuMode": "",
    "AnnuOpti": "",
    "AnnuOptiDesc": "",
    "AnnuPrem": "3818",
    "BasiPrem": "1859",
    "BranNumb": "729",
    "CommDate": "28-Jun-2008",
    "CommPerc": "0",
    "DOB": "24-Sep-1982",
    "DebiDay": "0",
    "FULIDate": "01-Jan-0001",
    "FUPDate": "28-Jun-2021",
    "FundId": 0,
    "GST": "0",
    "Gender": "F",
    "InstPrem": "1909",
    "IsDead": false,
    "IsHandicap": false,
    "IsSmoker": false,
    "LoanBala": 0,
    "LoanDate": "01-Jan-0001",
    "Lumpsum": "0",
    "MatuDate": "28-Jun-2028",
    "MatuSett": "0",
    "MembID": "1290",
    "MembInde": "5",
    "NACHBankAcco": "",
    "NACHBankName": "",
    "NCO": "0",
    "NEFTBankAcco": "",
    "NEFTBankName": "",
    "Nominee": "Manish P.surana",
    "Others": "",
    "OwnAgen": "-1",
    "PPT": "20",
    "PaymMode": "H",
    "Plan": "179",
    "PlanName": "New Bima Gold",
    "PoliNumb": "714795712",
    "PoliStat": "I",
    "PremEndDate": "28-Jun-2028",
    "PropMembID": "0",
    "PropMembInde": "",
    "PropName": "",
    "Remarks": "",
    "Rider": [
      {
        "PoliNumb": "714795712",
        "RideBasicPremium": "50",
        "RideCode": "3",
        "RidePPT": "0",
        "RideSum": "100000",
        "RideTerm": "0"
      }
    ],
    "ShorName": "YOGITA M.SURANA",
    "Sum": "100000",
    "TaxBene": "",
    "Term": "20"
  },
  {
    "AnnuAmou": "0",
    "AnnuMode": "",
    "AnnuOpti": "",
    "AnnuOptiDesc": "",
    "AnnuPrem": "12211",
    "BasiPrem": "12211",
    "BranNumb": "724",
    "CommDate": "28-Sep-2019",
    "CommPerc": "0",
    "DOB": "15-Sep-2011",
    "DebiDay": "0",
    "FULIDate": "01-Jan-0001",
    "FUPDate": "28-Sep-2021",
    "FundId": 0,
    "GST": "549",
    "Gender": "M",
    "InstPrem": "12211",
    "IsDead": false,
    "IsHandicap": false,
    "IsSmoker": false,
    "LoanBala": 0,
    "LoanDate": "01-Jan-0001",
    "Lumpsum": "0",
    "MatuDate": "28-Sep-2111",
    "MatuSett": "0",
    "MembID": "1603",
    "MembInde": "10",
    "NACHBankAcco": "",
    "NACHBankName": "",
    "NCO": "0",
    "NEFTBankAcco": "",
    "NEFTBankName": "",
    "Nominee": "Manish P.surana",
    "Others": "",
    "OwnAgen": "-1",
    "PPT": "30",
    "PaymMode": "Y",
    "Plan": "845",
    "PlanName": "Jeevan Umang",
    "PoliNumb": "319054641",
    "PoliStat": "I",
    "PremEndDate": "28-Sep-2049",
    "PropMembID": "0",
    "PropMembInde": "",
    "PropName": "",
    "Remarks": "",
    "Rider": [],
    "ShorName": "LAVYA M.SURANA",
    "Sum": "400000",
    "TaxBene": "",
    "Term": "92"
  },
  {
    "AnnuAmou": "0",
    "AnnuMode": "",
    "AnnuOpti": "",
    "AnnuOptiDesc": "",
    "AnnuPrem": "11731",
    "BasiPrem": "11731",
    "BranNumb": "724",
    "CommDate": "28-Sep-2019",
    "CommPerc": "0",
    "DOB": "15-Sep-2011",
    "DebiDay": "0",
    "FULIDate": "01-Jan-0001",
    "FUPDate": "28-Sep-2021",
    "FundId": 0,
    "GST": "528",
    "Gender": "M",
    "InstPrem": "11731",
    "IsDead": false,
    "IsHandicap": false,
    "IsSmoker": false,
    "LoanBala": 0,
    "LoanDate": "01-Jan-0001",
    "Lumpsum": "0",
    "MatuDate": "28-Sep-2111",
    "MatuSett": "0",
    "MembID": "1603",
    "MembInde": "10",
    "NACHBankAcco": "",
    "NACHBankName": "",
    "NCO": "0",
    "NEFTBankAcco": "",
    "NEFTBankName": "",
    "Nominee": "Manish P.surana",
    "Others": "",
    "OwnAgen": "-1",
    "PPT": "25",
    "PaymMode": "Y",
    "Plan": "845",
    "PlanName": "Jeevan Umang",
    "PoliNumb": "319054643",
    "PoliStat": "I",
    "PremEndDate": "28-Sep-2044",
    "PropMembID": "0",
    "PropMembInde": "",
    "PropName": "",
    "Remarks": "",
    "Rider": [],
    "ShorName": "LAVYA M.SURANA",
    "Sum": "300000",
    "TaxBene": "",
    "Term": "92"
  }
]
