[
    {
      "task_type": "T1",
      "customer_name": "Sunil Mehta",
      "policy_number": "734379349",
      "bank_name": "ICICI Lombard",
      "agent_name": "Hemant",
      "PolicyProduct": "Motor Claim",
      "ProductInfo": "MH02 BY 1299",
      "start_date": "23/11/21",
      "deadline": "01/02/22",
      "credittype": "Bank Credit",
      "claim_status": "Claim Approved. Awaiting",
      "bank_status": "Open",

      "activities": [
        {
            "date" : "01-03-2022",
            "descr" : "Initimate a claim",
            "create_by" : "Hemant",
            "status": "C"
        },
        {
            "date" : "01-02-2022",
            "descr" : "Initimate a claim",
            "create_by" : "Hemant",
            "status": "S"
        },
        {
            "date" : "01-03-2022",
            "descr" : "Initimate a claim",
            "create_by" : "Hemant",
            "status": "C"
        },
        {
            "date" : "01-02-2022",
            "descr" : "Initimate a claim",
            "create_by" : "Hemant",
            "status": "S"
        },
        {
            "date" : "01-03-2022",
            "descr" : "Initimate a claim",
            "create_by" : "Hemant",
            "status": "C"
        },
        {
            "date" : "01-02-2022",
            "descr" : "Initimate a claim",
            "create_by" : "Hemant",
            "status": "S"
        },
        {
            "date" : "01-03-2022",
            "descr" : "Initimate a claim",
            "create_by" : "Hemant",
            "status": "C"
        },
        {
            "date" : "01-02-2022",
            "descr" : "Initimate a claim",
            "create_by" : "Hemant",
            "status": "S"
        }
      ]
    },
    {
      "task_type": "T1",
      "customer_name": "Sumit Mehta",
      "policy_number": "734379349",
      "bank_name": "ICICI Lombard",
      "agent_name": "Hemant",
      "PolicyProduct": "Motor Claim",
      "ProductInfo": "MH02 BY 2199",
      "start_date": "23/11/21",
      "deadline": "01/02/22",
      "credittype": "Bank Credit",
      "claim_status": "Claim Approved. Awaiting",
      "bank_status": "Open"
    },
    {
      "task_type": "T2",
      "customer_name": "Sunil Mehta",
      "policy_number": "734379349",
      "bank_name": "ICICI Lombard",
      "agent_name": "Hemant",
      "PolicyProduct": "Motor Claim",
      "ProductInfo": "MH02 BY 7066",
      "start_date": "23/11/21",
      "deadline": "01/02/22",
      "credittype": "Bank Credit",
      "claim_status": "Claim Approved. Awaiting",
      "bank_status": "Almost closed"
    },
    {
      "task_type": "T2",
      "customer_name": "Paresh Mehta",
      "policy_number": "734379349",
      "bank_name": "ICICI Lombard",
      "agent_name": "Hemant",
      "PolicyProduct": "Motor Claim",
      "ProductInfo": "MH02 BY 6077",
      "start_date": "23/11/21",
      "deadline": "01/02/22",
      "credittype": "Bank Credit",
      "claim_status": "Claim Approved. Awaiting",
      "bank_status": "Almost closed"
    },
    {
      "task_type": "T3",
      "customer_name": "Suresh Mehta",
      "policy_number": "734379349",
      "bank_name": "ICICI Lombard",
      "agent_name": "Hemant",
      "PolicyProduct": "Motor Claim",
      "ProductInfo": "MH02 BY 5066",
      "start_date": "23/11/21",
      "deadline": "01/02/22",
      "credittype": "Bank Credit",
      "claim_status": "Claim Approved. Awaiting",
      "bank_status": "Overdue"
    },
    {
      "task_type": "T3",
      "customer_name": "Anil Mehta",
      "policy_number": "734379349",
      "bank_name": "ICICI Lombard",
      "agent_name": "Hemant",
      "PolicyProduct": "Motor Claim",
      "ProductInfo": "MH02 BY 6055",
      "start_date": "23/11/21",
      "deadline": "01/02/22",
      "credittype": "Bank Credit",
      "claim_status": "Claim Approved. Awaiting",
      "bank_status": "Overdue"
    }
  ]